{
  "project_info": {
    "project_number": "977066315009",
    "firebase_url": "https://application-cba2e.firebaseio.com",
    "project_id": "application-cba2e",
    "storage_bucket": "application-cba2e.appspot.com"
  },
  "client": [
    {
      "client_info": {
        "mobilesdk_app_id": "1:977066315009:android:1043f037ee775a38",
        "android_client_info": {
          "package_name": "com.example.connexion"
        }
      },
      "oauth_client": [
        {
          "client_id": "977066315009-19ba097jar567oaqq8tae4ktabr7pjk1.apps.googleusercontent.com",
          "client_type": 1,
          "android_info": {
            "package_name": "com.example.connexion",
            "certificate_hash": "15a104e3dd429ce20cda95b5c9cfc9f36b0a24a1"
          }
        },
        {
          "client_id": "977066315009-oignda9o3cvnt04fsuqlb9kousskukak.apps.googleusercontent.com",
          "client_type": 3
        }
      ],
      "api_key": [
        {
          "current_key": "AIzaSyC5clJQ7XMOD5ZnnkrBshf1Zd46VX3Ctfw"
        }
      ],
      "services": {
        "appinvite_service": {
          "other_platform_oauth_client": [
            {
              "client_id": "977066315009-oignda9o3cvnt04fsuqlb9kousskukak.apps.googleusercontent.com",
              "client_type": 3
            }
          ]
        }
      }
    }
  ],
  "configuration_version": "1"
}